4,name
mBR0,gBR_sFM_cAll_d04_mBR0_ch01.pkl
mBR1,gBR_sFM_cAll_d04_mBR1_ch02.pkl
mBR2,gBR_sFM_cAll_d06_mBR2_ch16.pkl
mBR3,gBR_sFM_cAll_d06_mBR3_ch17.pkl
mBR4,gBR_sFM_cAll_d05_mBR4_ch13.pkl
mBR5,gBR_sFM_cAll_d05_mBR5_ch12.pkl
mHO0,gHO_sFM_cAll_d20_mHO0_ch08.pkl
mHO1,gHO_sFM_cAll_d20_mHO1_ch09.pkl
mHO2,gHO_sFM_cAll_d19_mHO2_ch07.pkl
mHO3,gHO_sFM_cAll_d21_mHO3_ch21.pkl
mHO4,gHO_sFM_cAll_d21_mHO4_ch19.pkl
mHO5,gHO_sFM_cAll_d20_mHO5_ch13.pkl
mJB0,gJB_sFM_cAll_d07_mJB0_ch01.pkl
mJB1,gJB_sFM_cAll_d07_mJB1_ch02.pkl
mJB2,gJB_sFM_cAll_d08_mJB2_ch10.pkl
mJB3,gJB_sFM_cAll_d08_mJB3_ch11.pkl
mJB4,gJB_sFM_cAll_d09_mJB4_ch19.pkl
mJB5,gJB_sFM_cAll_d08_mJB5_ch14.pkl
mJS0,gJS_sFM_cAll_d01_mJS0_ch01.pkl
mJS1,gJS_sFM_cAll_d02_mJS1_ch02.pkl
mJS2,gJS_sFM_cAll_d03_mJS2_ch03.pkl
mJS3,gJS_sFM_cAll_d03_mJS3_ch04.pkl
mJS4,gJS_sFM_cAll_d02_mJS4_ch09.pkl
mJS5,gJS_sFM_cAll_d03_mJS5_ch13.pkl
mKK1,gJB_sFM_cAll_d07_mKK1_ch01.pkl
mKR0,gKR_sFM_cAll_d30_mKR0_ch15.pkl
mKR1,gKR_sFM_cAll_d30_mKR1_ch16.pkl
mKR2,gKR_sFM_cAll_d28_mKR2_ch03.pkl
mKR3,gKR_sFM_cAll_d30_mKR3_ch18.pkl
mKR4,gKR_sFM_cAll_d28_mKR4_ch05.pkl
mKR5,gKR_sFM_cAll_d28_mKR5_ch06.pkl
mLH0,gLH_sFM_cAll_d17_mLH0_ch14.pkl
mLH1,gLH_sFM_cAll_d18_mLH1_ch16.pkl
mLH2,gLH_sFM_cAll_d18_mLH2_ch17.pkl
mLH3,gLH_sFM_cAll_d16_mLH3_ch04.pkl
mLH4,gLH_sFM_cAll_d16_mLH4_ch05.pkl
mLH5,gLH_sFM_cAll_d16_mLH5_ch06.pkl
mLO0,gLO_sFM_cAll_d13_mLO0_ch01.pkl
mLO1,gLO_sFM_cAll_d13_mLO1_ch02.pkl
mLO2,gLO_sFM_cAll_d15_mLO2_ch17.pkl
mLO3,gLO_sFM_cAll_d14_mLO3_ch11.pkl
mLO4,gLO_sFM_cAll_d15_mLO4_ch19.pkl
mLO5,gLO_sFM_cAll_d13_mLO5_ch06.pkl
mMH0,gMH_sFM_cAll_d23_mMH0_ch08.pkl
mMH1,gMH_sFM_cAll_d23_mMH1_ch09.pkl
mMH2,gMH_sFM_cAll_d24_mMH2_ch17.pkl
mMH3,gMH_sFM_cAll_d23_mMH3_ch11.pkl
mMH4,gMH_sFM_cAll_d23_mMH4_ch12.pkl
mMH5,gMH_sFM_cAll_d23_mMH5_ch13.pkl
mPO0,gPO_sFM_cAll_d11_mPO0_ch08.pkl
mPO1,gPO_sFM_cAll_d11_mPO1_ch09.pkl
mPO2,gPO_sFM_cAll_d11_mPO2_ch10.pkl
mPO3,gPO_sFM_cAll_d11_mPO3_ch11.pkl
mPO4,gPO_sFM_cAll_d11_mPO4_ch12.pkl
mPO5,gPO_sFM_cAll_d11_mPO5_ch13.pkl
mWA0,gWA_sFM_cAll_d25_mWA0_ch01.pkl
mWA1,gWA_sFM_cAll_d25_mWA1_ch02.pkl
mWA2,gWA_sFM_cAll_d27_mWA2_ch17.pkl
mWA3,gWA_sFM_cAll_d27_mWA3_ch18.pkl
mWA4,gWA_sFM_cAll_d26_mWA4_ch12.pkl
mWA5,gWA_sFM_cAll_d27_mWA5_ch20.pkl
